{
  "pois": [
    {
      "name": "경복궁 향원정",
      "location": {
          "latitude": 37.5806903,
          "longitude": 126.9769632
      },
      "category": "정자",
      "hashtags": ["#경복궁", "#향원정", "#정자", "#연못", "#서울", "#문화재"]
    },
    {
      "name": "경복궁 근정전",
      "location": {
          "latitude": 37.5806903,
          "longitude": 126.9769632
      },
      "category": "정전",
      "hashtags": ["#경복궁", "#근정전", "#정전", "#조선", "#왕궁", "#문화재"]
    },
    {
      "name": "경복궁 경회루",
      "location": {
          "latitude": 37.5806903,
          "longitude": 126.9769632
      },
      "category": "누각",
      "hashtags": ["#경복궁", "#경회루", "#누각", "#연못", "#서울", "#문화재"]
    },
    {
      "name": "경복궁 자경전 십장생굴뚝",
      "location": {
          "latitude": 37.5866061,
          "longitude": 126.9767743
      },
      "category": "굴뚝/장식",
      "hashtags": ["#경복궁", "#자경전", "#십장생", "#굴뚝", "#왕실생활", "#문화재"]
    },
    {
      "name": "경복궁 풍기대",
      "location": {
          "latitude": 37.5866061,
          "longitude": 126.9767743
      },
      "category": "의식시설",
      "hashtags": ["#경복궁", "#풍기대", "#의식시설", "#서울", "#문화재"]
    },
    {
      "name": "경복궁 아미산의 굴뚝",
      "location": {
          "latitude": 37.5866061,
          "longitude": 126.9767743
      },
      "category": "굴뚝/장식",
      "hashtags": ["#경복궁", "#아미산", "#굴뚝", "#장식", "#문화재"]
    },
    {
      "name": "경복궁 자경전",
      "location": {
          "latitude": 37.5866061,
          "longitude": 126.9767743
      },
      "category": "전각",
      "hashtags": ["#경복궁", "#자경전", "#전각", "#왕실생활", "#문화재"]
    },
    {
      "name": "경복궁",
      "location": {
          "latitude": 37.5772775,
          "longitude": 126.97691
      },
      "category": "궁궐",
      "hashtags": ["#경복궁", "#궁궐", "#서울", "#조선", "#문화재"]
    },
    {
      "name": "경복궁 근정문 및 행각",
      "location": {
          "latitude": 37.57814,
          "longitude": 126.9767
      },
      "category": "문/행각",
      "hashtags": ["#경복궁", "#근정문", "#행각", "#정문", "#문화재"]
    },
    {
      "name": "경복궁 사정전",
      "location": {
          "latitude": 37.57918,
          "longitude": 126.9770
      },
      "category": "편전",
      "hashtags": ["#경복궁", "#사정전", "#편전", "#정무공간", "#문화재"]
    },
    {
      "name": "경복궁 수정전",
      "location": {
          "latitude": 37.57915,
          "longitude": 126.9760
      },
      "category": "전각",
      "hashtags": ["#경복궁", "#수정전", "#전각", "#정무공간", "#문화재"]
    }
  ]
}